"center","x","y"
"geometric",20.5,20.5
"residential occupancy",21.0526079136691,24.7262589928058
"commercial occupancy",21.1181134937599,24.8106598634765
