"center","x","y"
"geometric",20.5,20.5
"residential occupancy",20.4711224965068,20.1441546343735
"commercial occupancy",19.7900078064012,20.7673692427791
