"center","x","y"
"geometric",20.5,20.5
"residential occupancy",20.6440478985677,20.1345386240902
"commercial occupancy",22.145056726094,20.5907617504052
