"center","x","y"
"geometric",20.5,20.5
"residential occupancy",20.2149686778767,22.1744147708539
"commercial occupancy",20.5186721991701,23.4605809128631
