"center","x","y"
"geometric",20.5,20.5
"residential occupancy",20.9719900409034,20.5966565890094
"commercial occupancy",20.5378103837472,20.6310195635816
