"center","x","y"
"geometric",20.5,20.5
"residential occupancy",18.0374267935578,26.1543740849195
"commercial occupancy",18.0211001164144,26.1377328288708
