"center","x","y"
"geometric",20.5,20.5
"residential occupancy",20.6769933976638,24.83875063484
"commercial occupancy",20.7028454092109,24.2009386916984
