"center","x","y"
"geometric",20.5,20.5
"residential occupancy",26.6714462736768,14.8909541511772
"commercial occupancy",26.4097294484912,15.2822580645161
