"center","x","y"
"geometric",20.5,20.5
"residential occupancy",19.9810754673436,20.2522501730902
"commercial occupancy",21.2259287338893,20.9984836997726
