"center","x","y"
"geometric",20.5,20.5
"residential occupancy",17.0642176870748,21.1124716553288
"commercial occupancy",17.2128245746952,20.9320201115779
