"center","x","y"
"geometric",20.5,20.5
"residential occupancy",21.1313934985224,20.3846328711071
"commercial occupancy",20.5266479663394,19.5287517531557
