"center","x","y"
"geometric",20.5,20.5
"residential occupancy",20.5025931164545,18.5520980669496
"commercial occupancy",21.5466666666667,19.2466666666667
