"center","x","y"
"geometric",20.5,20.5
"residential occupancy",25.2294650951949,25.2473254759746
"commercial occupancy",25.027631862992,25.1714039001223
