"center","x","y"
"geometric",20.5,20.5
"residential occupancy",22.6028806584362,20.2542295381802
"commercial occupancy",21.7667608528127,20.2399178011816
